Y,X1,X2,X3
6,1,2,3
60,2,5,6
72,3,4,6
16,4,2,2
10,5,2,1
304950,6,535,95
1149106,7,389,422
2993808,8,582,643
7706502,9,942,909
6124640,10,758,808
7809285,11,795,893
1144584,12,126,757
8162193,13,663,947
11145204,14,941,846
4660125,15,425,731
1623856,16,211,481
1373328,17,408,198
5462730,18,667,455
1463456,19,664,116
686980,20,49,701
723030,21,55,626
128700,22,90,65
6217337,23,529,511
6600,24,55,5
7245000,25,315,920
756132,26,262,111
10230651,27,527,719
2605680,28,165,564
2923200,29,288,350
18006660,30,922,651
15330120,31,634,780
56000,32,125,14
3558093,33,211,511
9696120,34,291,980
30088170,35,978,879
12207456,36,852,398
17008271,37,677,679
9612480,38,930,272
10926240,39,680,412
3605840,40,274,329
28681140,41,786,890
5023326,42,131,913
7791428,43,934,194
1479896,44,251,134
11195280,45,852,292
22982428,46,562,889
4435672,47,188,502
16912896,48,728,484
15775942,49,427,754
8532750,50,367,465
2043468,51,756,53
2365168,52,137,332
3788811,53,117,611
7258680,54,286,470
5466120,55,303,328
7948248,56,187,759
1733598,57,111,274
34357344,58,602,984
7548814,59,259,494
13449720,60,323,694
7668981,61,549,229
208816,62,842,4
4257225,63,255,265
7452864,64,227,513
8587280,65,359,368
2518560,66,636,60
9420736,67,208,676
10570464,68,254,612
17248482,69,366,683
43504930,70,841,739
10340369,71,659,221
1707696,72,201,118
565312,73,44,176
3180816,74,597,72
16738050,75,839,266
40649436,76,887,603
26989501,77,857,409
19327620,78,698,355
22515948,79,468,609
14675840,80,997,184
11649420,81,255,564
9796704,82,262,456
58470346,83,902,781
25055016,84,586,509
21784140,85,324,791
49272410,86,947,605
1013028,87,82,142
24450624,88,612,454
64645061,89,947,767
16467300,90,963,190
1692600,91,465,40
7402688,92,752,107
27641088,93,432,688
1729600,94,736,25
60360435,95,933,681
11943360,96,390,319
22421550,97,335,690
4728304,98,652,74
123552,99,208,6
18296400,100,579,316
22835292,101,498,454
31347252,102,782,393
20632960,103,313,640
1725152,104,52,319
8448300,105,90,894
33309864,106,348,903
50180967,107,487,963
37667376,108,446,782
3802356,109,612,57
10008240,110,669,136
728160,111,8,820
26082560,112,568,410
90319996,113,809,988
11958030,114,185,567
24172425,115,865,243
6435100,116,317,175
10091718,117,854,101
842520,118,119,60
11380446,119,414,231
6466560,120,421,128
97836607,121,997,811
468480,122,8,480
100010316,123,818,994
41394052,124,463,721
73167250,125,611,958
52022376,126,466,886
78928976,127,868,716
5586688,128,314,139
17142810,129,194,685
13248950,130,109,935
1752125,131,125,107
97790220,132,909,815
45449824,133,472,724
5362680,134,69,580
60006015,135,647,687
6018680,136,265,167
16475894,137,157,766
14380152,138,109,956
74406005,139,709,755
8759520,140,948,66
49829400,141,475,744
64675888,142,578,788
132334202,143,994,931
90048240,144,705,887
42950160,145,396,748
52527150,146,675,533
66742998,147,574,791
4512816,148,77,396
41704802,149,698,401
49437900,150,337,978
30669912,151,546,372
1000768,152,8,823
27109152,153,904,196
4371752,154,302,94
4564750,155,589,50
49806900,156,387,825
16905603,157,143,753
45933760,158,316,920
51607584,159,588,552
118127200,160,745,991
66380300,161,589,700
12948174,162,257,311
111547746,163,783,874
4589376,164,53,528
19909890,165,357,338
15512700,166,534,175
5731440,167,78,440
117445776,168,862,811
12845014,169,854,89
33312010,170,233,841
50394384,171,326,904
106996900,172,745,835
44710120,173,994,260
31170360,174,689,260
3204600,175,872,21
27592224,176,159,986
20865114,177,118,999
11623756,178,634,103
107107872,179,736,813
1504800,180,20,418
4267980,181,131,180
39694200,182,300,727
40677606,183,233,954
19873104,184,282,383
66611100,185,510,706
18499374,186,129,771
13851838,187,814,91
26937392,188,226,634
44600976,189,602,392
19032300,190,126,795
26500104,191,328,423
47504448,192,743,333
917136,193,108,44
24897960,194,690,186
5851365,195,811,37
107164176,196,849,644
3328906,197,238,71
43902144,198,533,416
64080786,199,861,374
182494800,200,978,933
64366029,201,897,357
170545368,202,874,966
12771542,203,166,379
37950120,204,585,318
1662960,205,208,39
159132116,206,803,962
2682720,207,40,324
135608304,208,949,687
101182334,209,493,982
70837620,210,743,454
28566657,211,441,307
10604240,212,610,82
31451580,213,690,214
78907364,214,701,526
66343410,215,711,434
70886016,216,688,477
92103046,217,497,854
50741244,218,603,386
18389430,219,135,622
263340,220,133,9
121976088,221,793,696
45310200,222,314,650
522712,223,586,4
79360512,224,726,488
4061250,225,38,475
107910480,226,552,865
59160286,227,311,838
88326972,228,491,789
99900792,229,498,876
1487640,230,14,462
23966712,231,786,132
22632064,232,268,364
38514900,233,725,228
171018432,234,736,993
199656000,235,885,960
15505200,236,180,365
116180244,237,801,612
31594024,238,862,154
1460529,239,9,679
91207920,240,419,907
181865830,241,965,782
17406576,242,888,81
165814209,243,697,979
186308640,244,945,808
8753360,245,406,88
160498272,246,674,968
32775912,247,171,776
60539280,248,618,395
50324145,249,415,487
112077000,250,593,756
106959132,251,684,623
58895424,252,541,432
19199664,253,744,102
70139052,254,667,414
4730760,255,24,773
153945088,256,692,869
169456034,257,902,731
71737416,258,348,799
117445363,259,467,971
109068960,260,908,462
36477882,261,469,298
184245736,262,974,722
24985,263,19,5
1149456,264,622,7
121613800,265,745,616
126177100,266,530,895
81061200,267,660,460
26156800,268,320,305
2239694,269,46,181
180760680,270,874,766
191865290,271,830,853
895696,272,37,89
26601120,273,336,290
2828776,274,29,356
151279700,275,596,923
181608,276,7,94
90679828,277,734,446
27017430,278,209,465
6071040,279,272,80
250295920,280,953,938
37388736,281,432,308
242746728,282,994,866
108079964,283,614,622
4582908,284,489,33
72649920,285,569,448
201023680,286,764,920
61382125,287,295,725
132292224,288,606,758
62347704,289,404,534
61502040,290,822,258
6045525,291,831,25
1011780,292,231,15
7678944,293,234,112
98475300,294,385,870
62602245,295,657,323
1397120,296,20,236
2329965,297,15,523
66790144,298,272,824
16879746,299,97,582
30051000,300,189,530
48114248,301,232,689
31370250,302,277,375
21502092,303,113,628
28462000,304,535,175
8632720,305,122,232
94192308,306,882,349
76289500,307,284,875
166320,308,27,20
108572712,309,526,668
19978880,310,212,304
33705558,311,223,486
62955360,312,236,855
47735004,313,426,358
124558462,314,427,929
74712960,315,544,436
95406720,316,816,370
113732626,317,523,686
5220288,318,38,432
61407819,319,219,879
7836800,320,79,310
150090291,321,741,631
6924288,322,768,28
2780384,323,538,16
6924204,324,497,43
72993375,325,345,651
22802722,326,619,113
11560104,327,982,36
116991040,328,740,482
31771530,329,222,435
22954800,330,235,296
28356770,331,659,130
139637872,332,484,869
14697954,333,761,58
57573918,334,963,179
13549410,335,54,749
109680480,336,351,930
43346625,337,525,245
60637200,338,230,780
74688480,339,270,816
28715040,340,276,306
20432720,341,80,749
162367578,342,963,493
113292214,343,691,478
151088240,344,835,526
274482000,345,975,816
30724800,346,148,600
72834606,347,897,234
73548060,348,983,215
10162880,349,112,260
81713100,350,501,466
6041412,351,662,26
31327296,352,978,91
371356,353,263,4
206240400,354,600,971
16420880,355,784,59
30834584,356,682,127
27712125,357,575,135
227714850,358,825,771
306801759,359,893,957
30238200,360,535,157
93982018,361,323,806
113433424,362,524,598
8701110,363,470,51
48222720,364,320,414
3549260,365,286,34
8321376,366,203,112
38707123,367,133,793
155928960,368,428,990
11100996,369,138,218
122212480,370,794,416
250119667,371,703,959
130973016,372,802,439
434172,373,12,97
224183080,374,820,731
142964250,375,473,806
155750104,376,467,887
157716819,377,423,989
13204296,378,164,213
42785310,379,710,159
287660000,380,757,1000
18020919,381,203,233
7696536,382,138,146
9000500,383,940,25
1142784,384,496,6
36621200,385,328,290
131734080,386,540,632
41691510,387,190,567
148685868,388,747,513
145976140,389,647,580
51530310,390,277,477
189495022,391,886,547
117562368,392,426,704
26724000,393,500,136
59744190,394,165,919
167119760,395,496,853
14747040,396,38,980
301526264,397,872,871
115018020,398,342,845
41270565,399,151,685
132840000,400,369,900
227126400,401,800,708
7119822,402,199,89
24635793,403,287,213
173455380,404,705,609
6870825,405,117,145
341176416,406,854,984
44145662,407,281,386
52479000,408,525,245
11904354,409,441,66
357645870,410,927,941
107024400,411,300,868
34191880,412,430,193
127379112,413,543,568
206147160,414,645,772
130954080,415,519,608
6394752,416,36,427
36597171,417,559,157
324334560,418,795,976
227346467,419,761,713
103188120,420,322,763
173871316,421,446,926
24308044,422,166,347
287114634,423,733,926
6269688,424,477,31
109480000,425,350,736
39639726,426,211,441
15064560,427,140,252
65835816,428,827,186
84118320,429,645,304
203789040,430,637,744
136243410,431,514,615
378084672,432,906,966
27938459,433,113,571
9390024,434,36,601
190263780,435,508,861
239187420,436,835,657
108278112,437,356,696
265100376,438,674,898
4679301,439,561,19
372486400,440,880,962
162046332,441,708,519
215862192,442,798,612
46432159,443,281,373
121123200,444,880,310
17537895,445,453,87
6224822,446,821,17
86254014,447,358,539
3241728,448,804,9
164643810,449,510,719
108078750,450,325,739
130047654,451,771,374
16402176,452,756,48
25594500,453,565,100
90611136,454,378,528
122786300,455,524,515
16355808,456,42,854
10748640,457,35,672
106644384,458,264,882
4167720,459,908,10
200624860,460,587,743
51113375,461,125,887
51758784,462,389,288
101630352,463,538,408
98901600,464,290,735
36980055,465,541,147
91988400,466,525,376
34032625,467,275,265
74972664,468,926,173
12262474,469,34,769
13981560,470,222,134
360587238,471,782,979
92181600,472,350,558
12736944,473,102,264
20595300,474,790,55
24304800,475,156,328
147796096,476,626,496
63255924,477,258,514
62343150,478,555,235
390550255,479,911,895
30416640,480,712,89
62002824,481,246,524
17584324,482,629,58
16904034,483,38,921
246514752,484,786,648
42722680,485,968,91
44734356,486,138,667
26336960,487,65,832
211896432,488,459,946
54785115,489,165,679
101148740,490,853,242
1495095,491,105,29
83748732,492,527,323
34718046,493,242,291
195609180,494,402,985
41076585,495,417,199
80877264,496,481,339
24601500,497,900,55
60304812,498,634,191
66594045,499,217,615
92617000,500,917,202
58427622,501,186,627
113941952,502,346,656
196466770,503,695,562
157248000,504,312,1000
307557120,505,624,976
189553672,506,787,476
46177560,507,92,990
17015460,508,165,203
187328288,509,868,424
105850500,510,593,350
325793160,511,966,660
4976640,512,540,18
9003150,513,130,135
74947368,514,174,838
106486035,515,471,439
376571640,516,874,835
120490986,517,434,537
95965716,518,802,231
88155783,519,243,699
242360560,520,587,794
27851097,521,103,519
45055908,522,206,419
40715550,523,865,90
403961556,524,939,821
222877200,525,628,676
472665704,526,938,958
154397298,527,759,386
3487968,528,367,18
176617230,529,359,930
5660400,530,12,890
347216121,531,763,857
116010048,532,924,236
44134532,533,254,326
160002420,534,415,722
184912050,535,615,562
28369408,536,64,827
52357500,537,375,260
158488344,538,588,501
23431408,539,988,44
93626280,540,213,814
266691360,541,790,624
31247384,542,116,497
255606390,543,710,663
163958880,544,849,355
40569255,545,919,81
116180064,546,372,572
134479950,547,447,550
226206728,548,647,638
42303744,549,448,172
133760550,550,777,313
45589740,551,591,140
95100768,552,586,294
87875018,553,341,466
198983504,554,556,646
401118480,555,756,956
3364912,556,34,178
151707305,557,893,305
127989576,558,401,572
189579819,559,473,717
96432000,560,525,328
209214852,561,532,701
63159808,562,256,439
12936051,563,621,37
194963520,564,464,745
111468850,565,218,905
54100544,566,824,116
74667096,567,472,279
13964280,568,55,447
216083440,569,752,505
75404160,570,848,156
25873152,571,118,384
247104,572,9,48
363534120,573,933,680
1773660,574,309,10
52900000,575,736,125
41670720,576,265,273
67581702,577,162,723
250821944,578,691,628
143378928,579,938,264
70985040,580,329,372
275908185,581,519,915
14839836,582,671,38
52528300,583,530,170
12719520,584,198,110
42955380,585,87,844
35461204,586,158,383
327847718,587,958,583
188950860,588,555,579
187164174,589,633,502
280372720,590,622,764
78475344,591,193,688
146013840,592,435,567
137355404,593,316,733
368587692,594,691,898
273215670,595,754,609
224057856,596,528,712
70857930,597,286,415
306355400,598,545,940
46302700,599,100,773
3019200,600,68,74
4651740,601,258,30
84491904,602,816,172
243563760,603,459,880
517914900,604,925,927
103667355,605,723,237
52446876,606,794,109
925068,607,4,381
248993024,608,721,568
65430960,609,395,272
22814000,610,136,275
9229766,611,26,581
107075520,612,648,270
493658095,613,931,865
5845280,614,80,119
273125190,615,494,899
306893664,616,756,659
156668640,617,529,480
519511194,618,933,901
143072565,619,811,285
17260800,620,870,32
66074400,621,152,700
4299264,622,72,96
13120380,623,135,156
240115200,624,416,925
181164375,625,387,749
1650762,626,293,9
20585664,627,57,576
34374836,628,431,127
26908620,629,186,230
76756680,630,286,426
77684934,631,142,867
315005864,632,703,709
91354560,633,451,320
461657244,634,942,773
168464865,635,463,573
71886444,636,241,469
27496742,637,113,382
539588500,638,850,995
240354738,639,629,598
19038720,640,268,111
282815610,641,770,573
145002120,642,982,230
289422016,643,541,832
381351684,644,867,683
187268655,645,413,703
597597804,646,926,999
3487330,647,11,490
138160080,648,515,414
6531536,649,37,272
274495650,650,737,573
19857453,651,517,59
54546320,652,445,188
71428405,653,131,835
128550240,654,273,720
21732900,655,395,84
48713248,656,107,694
102696984,657,501,312
97132644,658,417,354
888991,659,19,71
114713280,660,816,213
164731776,661,704,354
29872750,662,125,361
68635086,663,271,382
388025000,664,625,935
180172440,665,954,284
97790112,666,532,276
443553666,667,822,809
77234160,668,705,164
14897292,669,586,38
282457260,670,999,422
259677000,671,774,500
144205824,672,479,448
375570342,673,903,618
392548384,674,712,818
125921250,675,650,287
179249512,676,394,673
197051682,677,349,834
236877606,678,381,917
127814960,679,520,362
109905680,680,422,383
95143191,681,143,977
283712,682,104,4
18359040,683,420,64
97675200,684,300,476
28616560,685,112,373
2722734,686,189,21
142303119,687,233,889
389491936,688,794,713
65592800,689,160,595
189330480,690,927,296
232335621,691,593,567
44027808,692,66,964
416791683,693,899,669
129014600,694,845,220
26152850,695,265,142
169522632,696,291,837
63548975,697,175,521
13513280,698,220,88
443240094,699,902,703
8389500,700,85,141
654907848,701,996,938
166532652,702,263,902
4704476,703,956,7
218393472,704,347,894
42189315,705,103,581
285612300,706,725,558
3781036,707,764,7
178178112,708,321,784
42982416,709,842,72
374852310,710,651,811
370932255,711,691,755
21829920,712,438,70
414341412,713,613,948
10105956,714,337,42
225355130,715,958,329
63602280,716,189,470
42258546,717,893,66
106891532,718,202,737
56168280,719,360,217
68526000,720,405,235
347074980,721,710,678
30220032,722,96,436
75552777,723,683,153
601765632,724,888,936
217819000,725,812,370
338079324,726,671,694
78965286,727,129,842
90741560,728,257,485
162695304,729,547,408
104325760,730,616,232
110814483,731,507,299
13424880,732,35,524
62754329,733,181,473
267159852,734,657,554
160484310,735,723,302
404112576,736,769,714
61444427,737,317,263
245720790,738,735,453
493202688,739,948,704
70109820,740,957,99
240443385,741,889,365
11403798,742,109,141
217287378,743,633,462
452723256,744,837,727
265220,745,2,178
139302072,746,273,684
51469047,747,357,193
80398780,748,581,185
161775012,749,439,492
51318750,750,595,115
6425556,751,138,62
109509248,752,334,436
427463040,753,887,640
440988210,754,951,615
427499120,755,688,823
47637072,756,178,354
452012270,757,841,710
176826240,758,405,576
614790,759,90,9
157145200,760,290,713
476897392,761,848,739
59408568,762,876,89
36532440,763,60,798
217053928,764,446,637
236305440,765,394,784
325044440,766,866,490
287569776,767,642,584
365145600,768,925,514
13079921,769,233,73
656409600,770,960,888
213169164,771,676,409
178183776,772,326,708
368373150,773,675,706
135354024,774,494,354
730177875,775,997,945
201517888,776,908,286
24857784,777,516,62
17524450,778,901,25
17965298,779,26,887
42282240,780,242,224
116052695,781,565,263
213216210,782,747,365
25826472,783,434,76
423146752,784,632,854
21835560,785,228,122
159300192,786,212,956
86152890,787,890,123
61887944,788,734,107
683457048,789,954,908
663682950,790,945,889
28682451,791,237,153
456738480,792,818,705
1199016,793,504,3
38254920,794,365,132
184312800,795,315,736
476386896,796,636,941
115292426,797,151,958
341013330,798,919,465
134807280,799,190,888
59219200,800,974,76
456127848,801,792,719
542548188,802,882,767
64260075,803,291,275
67716096,804,329,256
1062600,805,110,12
138445814,806,181,949
30368217,807,121,311
9169992,808,97,117
141646192,809,706,248
172270800,810,818,260
18007444,811,427,52
151004392,812,869,214
402077280,813,880,562
283166180,814,809,430
96372120,815,379,312
276715392,816,776,437
302063691,817,491,753
594574752,818,797,912
40766544,819,244,204
176350840,820,586,367
503545572,821,631,972
188913684,822,761,302
8271150,823,150,67
265657600,824,400,806
182142675,825,663,333
171641148,826,587,354
228157722,827,351,786
10247328,828,91,136
304813352,829,472,779
112348800,830,564,240
3207660,831,772,5
63011520,832,935,81
11981872,833,62,232
171306102,834,263,781
224372850,835,845,318
30346800,836,66,550
503053740,837,756,795
57188472,838,188,363
121067700,839,390,370
243902400,840,680,427
19535589,841,87,267
136875520,842,320,508
609657600,843,904,800
331511384,844,709,554
507866970,845,654,919
26364744,846,106,294
158471159,847,223,839
61676736,848,87,836
730930419,849,993,867
123284000,850,784,185
21033316,851,334,74
235244016,852,692,399
12091275,853,63,225
284828642,854,853,391
6446700,855,754,10
262397384,856,317,967
233652480,857,480,568
81312660,858,351,270
24120720,859,720,39
68800,860,4,20
367137288,861,436,978
189658964,862,803,274
77770971,863,93,969
185016960,864,415,516
405428960,865,776,604
326326120,866,830,454
49158900,867,252,225
411609072,868,919,516
223526787,869,479,537
228797820,870,318,827
92322516,871,876,121
20436192,872,378,62
20271060,873,27,860
3511732,874,574,7
507764250,875,939,618
146174616,876,822,203
433444972,877,787,628
53601900,878,74,825
29877210,879,165,206
285824000,880,560,580
348632844,881,673,588
75014100,882,270,315
3770410,883,427,10
64836096,884,191,384
84694500,885,100,957
266859656,886,694,434
165735950,887,925,202
29538432,888,308,108
58826908,889,932,71
564705000,890,900,705
143561484,891,174,926
127752240,892,372,385
60134620,893,148,455
3906780,894,5,874
723430290,895,993,814
58449664,896,386,169
96422118,897,757,142
112939664,898,316,398
672079814,899,938,797
226026900,900,869,289
101398540,901,662,170
185837256,902,291,708
216145692,903,244,981
436333680,904,558,865
138293050,905,590,259
21051816,906,628,37
114428934,907,163,774
257872000,908,400,710
67077837,909,677,109
674757720,910,774,958
350244882,911,558,689
546702048,912,918,653
298829465,913,605,541
571717968,914,804,778
129267540,915,772,183
2157180,916,3,785
352829505,917,681,565
9176328,918,357,28
29568825,919,39,825
264224000,920,400,718
12413238,921,586,23
39421954,922,169,253
163392229,923,209,847
99026928,924,156,687
5505600,925,186,32
191119918,926,647,319
178340895,927,545,353
167559680,928,592,305
216698540,929,428,545
451745640,930,618,786
387516647,931,463,899
135941520,932,780,187
124633872,933,138,968
44659210,934,365,131
135344990,935,157,922
169683696,936,563,322
440601762,937,719,654
108869908,938,443,262
44249436,939,693,68
2932800,940,65,48
7181712,941,9,848
873669204,942,993,934
15024819,943,141,113
30808384,944,82,398
126486360,945,338,396
209436832,946,808,274
61450830,947,721,90
275071680,948,403,720
129596389,949,277,493
331177600,950,832,419
244650456,951,648,397
95148592,952,154,649
353449593,953,841,441
447279084,954,549,854
251455320,955,276,954
7447240,956,779,10
11300256,957,492,24
307609010,958,431,745
62032915,959,85,761
228602880,960,968,246
51951660,961,340,159
141298560,962,340,432
318344688,963,388,852
245423796,964,339,751
307147920,965,698,456
46502274,966,91,529
28654144,967,64,463
580444744,968,713,841
77868840,969,245,328
13980610,970,29,497
347140268,971,556,643
221528520,972,535,426
41508180,973,54,790
381437880,974,732,535
417842100,975,503,852
744500608,976,983,776
48490464,977,282,176
414984960,978,780,544
738958011,979,771,979
383270160,980,598,654
452801151,981,781,591
38618132,982,742,53
30276400,983,275,112
256965696,984,648,403
172323780,985,239,732
180426168,986,468,391
103329030,987,551,190
23963940,988,77,315
433923750,989,975,450
43550100,990,830,53
83937700,991,847,100
798142368,992,807,997
15104523,993,371,41
14693308,994,778,19
436576150,995,445,986
254249916,996,643,397
299147856,997,893,336
466187756,998,751,622
164545290,999,181,910
269376000,1000,368,732
104000,1,325,320
142272,2,468,152
2151765,3,759,945
1541376,4,892,432
1685160,5,604,558
652764,6,409,266
639261,7,139,657
753232,8,179,526
2512890,9,681,410
6393600,10,864,740
1302444,11,198,598
533520,12,570,78
1658800,13,200,638
5918640,14,520,813
4472340,15,569,524
3912912,16,937,261
11664499,17,737,931
7338168,18,641,636
4571058,19,794,303
1356000,20,452,150
1988595,21,177,535
16819792,22,842,908
1641809,23,247,289
16088664,24,839,799
127300,25,268,19
11583234,26,531,839
1475172,27,157,348
2362976,28,88,959
2515054,29,842,103
14793480,30,654,754
5018125,31,625,259
20056256,32,919,682
230340,33,349,20
5918856,34,978,178
2558045,35,197,371
15795000,36,450,975
4317900,37,778,150
4689542,38,143,863
11291280,39,880,329
18508160,40,484,956
12818486,41,446,701
29713488,42,764,926
5350920,43,136,915
17355800,44,686,575
6066225,45,627,215
3513618,46,943,81
24114948,47,598,858
8604288,48,679,264
6102852,49,582,214
5388500,50,829,130
19399125,51,425,895
5509400,52,163,650
8238320,53,268,580
1177092,54,173,126
13691700,55,270,922
5867680,56,676,155
8756055,57,285,539
18087300,58,330,945
3626494,59,146,421
46993920,60,844,928
43050689,61,913,773
6518370,62,645,163
11262510,63,295,606
13675200,64,925,231
2722850,65,590,71
41872512,66,862,736
8884736,67,259,512
7647416,68,406,277
35270937,69,771,663
1911140,70,73,374
6971916,71,668,147
20536992,72,668,427
6648840,73,828,110
8872600,74,436,275
44821800,75,888,673
14481648,76,201,948
10076451,77,241,543
32734962,78,663,633
2332554,79,518,57
39474000,80,645,765
11489040,81,360,394
33653292,82,937,438
14260230,83,415,414
8467704,84,318,317
27609360,85,402,808
4754424,86,204,271
3711855,87,161,265
20706400,88,260,905
5755452,89,951,68
62727210,90,777,897
18109000,91,995,200
8197200,92,990,90
23064000,93,248,1000
5596196,94,103,578
1451600,95,40,382
29795520,96,757,410
57498496,97,704,842
34765500,98,430,825
42666030,99,710,607
1108800,100,84,132
63529000,101,740,850
32313600,102,900,352
1176672,103,48,238
16253952,104,592,264
20835360,105,468,424
1741580,106,155,106
16327344,107,816,187
1072008,108,709,14
24538080,109,336,670
31668560,110,742,388
5874120,111,105,504
31256064,112,608,459
43654725,113,765,505
73576512,114,996,648
17735760,115,504,306
7170192,116,204,303
17273529,117,161,917
45615024,118,936,413
18973836,119,516,309
59290560,120,519,952
20579559,121,267,637
76905384,122,802,786
4688145,123,315,121
7985600,124,100,644
61708500,125,756,653
8554140,126,930,73
18060543,127,207,687
50690816,128,517,766
8609976,129,927,72
92601600,130,960,742
76888092,131,708,829
78896664,132,931,642
59469088,133,628,712
49492900,134,830,445
31196610,135,509,454
800496,136,654,9
56323714,137,698,589
34057296,138,273,904
19682400,139,236,600
71580600,140,598,855
757452,141,158,34
33320868,142,302,777
24118523,143,743,227
8242560,144,795,72
10009350,145,390,177
4051500,146,150,185
85018626,147,762,759
12591544,148,103,826
822480,149,368,15
74263050,150,727,681
117370488,151,932,834
37246384,152,761,322
1512252,153,28,353
16693908,154,174,623
28963455,155,313,597
91737360,156,594,990
72927285,157,519,895
65996284,158,914,457
51268119,159,631,511
82276800,160,562,915
11865861,161,431,171
9234,162,1,57
64547674,163,646,613
3723456,164,132,172
24056670,165,538,271
29444250,166,375,473
5950377,167,321,111
48748224,168,437,664
10018320,169,195,304
113757880,170,967,692
88863912,171,734,708
60070656,172,642,544
27084015,173,497,315
14528304,174,168,497
44864050,175,473,542
112684000,176,985,650
100143414,177,709,798
112062036,178,993,634
51489350,179,523,550
9979200,180,154,360
12387640,181,295,232
36323196,182,899,222
41057514,183,613,366
26272624,184,217,658
13484835,185,91,801
47795490,186,555,463
48254976,187,336,768
26895656,188,307,466
145322856,189,862,892
5390680,190,82,346
5470240,191,716,40
92160,192,60,8
54427351,193,827,341
116930008,194,692,871
16009500,195,821,100
18870096,196,113,852
5685420,197,444,65
34429428,198,794,219
12723264,199,288,222
16896600,200,149,567
20964300,201,298,350
37773798,202,751,249
17059917,203,771,109
41991768,204,406,507
45743905,205,227,983
47380000,206,460,500
37122138,207,246,729
23334272,208,379,296
20415120,209,296,330
150795540,210,973,738
42640146,211,927,218
76320,212,9,40
11616594,213,74,737
13765550,214,415,155
9904620,215,698,66
47533824,216,368,598
101652348,217,758,618
98916846,218,861,527
136804920,219,920,679
41888880,220,258,738
168715378,221,911,838
35207424,222,472,336
129580840,223,995,584
188818560,224,892,945
23312250,225,797,130
17811060,226,185,426
121146495,227,757,705
10372860,228,135,337
67487445,229,295,999
42876600,230,717,260
38885616,231,668,252
167935984,232,886,817
103496736,233,661,672
151719750,234,665,975
4932180,235,53,396
126930240,236,664,810
11381925,237,425,113
205757664,238,868,996
88579614,239,669,554
56687040,240,324,729
149849221,241,967,643
140183824,242,824,703
127064700,243,747,700
185171844,244,957,793
40738110,245,518,321
139675602,246,781,727
3602989,247,503,29
86753376,248,738,474
55283976,249,638,348
108875000,250,670,650
133676576,251,979,544
1693440,252,70,96
43809480,253,520,333
29728160,254,770,152
1165860,255,762,6
899840,256,703,5
180384188,257,773,908
3116124,258,198,61
199150280,259,818,940
112003840,260,508,848
83366010,261,507,630
223161120,262,910,936
32917080,263,168,745
22545600,264,700,122
29267130,265,699,158
98285670,266,391,945
57738750,267,346,625
99854656,268,803,464
91724427,269,657,519
75080790,270,487,571
32006184,271,456,259
149460192,272,801,686
52845975,273,435,445
74633216,274,532,512
37290000,275,678,200
64343880,276,409,570
28086138,277,774,131
53019048,278,691,276
11182878,279,98,409
36420720,280,489,266
37411216,281,212,628
28314492,282,122,823
25670930,283,386,235
29668912,284,364,287
41835150,285,210,699
137510230,286,569,845
3944241,287,27,509
155774016,288,906,597
245037898,289,994,853
3853520,290,44,302
44722626,291,257,598
11306240,292,484,80
38690064,293,336,393
57271200,294,487,400
51004025,295,755,229
29042928,296,207,474
90780129,297,751,407
161168532,298,553,978
63761750,299,853,250
8073600,300,464,58
112595672,301,856,437
248403456,302,918,896
26029215,303,115,747
39934656,304,492,267
113099185,305,601,617
46168668,306,829,182
106482950,307,991,350
76902364,308,371,673
85432320,309,360,768
155545600,310,784,640
110700450,311,678,525
101190336,312,571,568
1853586,313,423,14
77915960,314,380,653
22487850,315,295,242
73240900,316,365,635
196992676,317,674,922
103098780,318,642,505
1079496,319,9,376
5736960,320,249,72
126953895,321,415,953
169178156,322,593,886
42593364,323,444,297
36300312,324,789,142
185640000,325,840,680
12048960,326,840,44
106191615,327,607,535
39254712,328,973,123
44497579,329,211,641
118715520,330,704,511
742102,331,38,59
11773384,332,298,119
119714166,333,419,858
287941400,334,932,925
111206600,335,772,430
49156800,336,385,380
127749960,337,810,468
29189342,338,91,949
1366848,339,12,336
90500520,340,327,814
139813410,341,474,865
54603720,342,887,180
30293760,343,138,640
7870720,344,130,176
155940,345,4,113
30367728,346,477,184
210765024,347,608,999
321719040,348,960,963
49162932,349,258,546
139246800,350,484,822
16449966,351,321,146
16149760,352,148,310
100256589,353,471,603
55487376,354,622,252
277965,355,29,27
39849216,356,583,192
27469008,357,336,229
8299872,358,414,56
38172470,359,434,245
35108640,360,129,756
68501916,361,753,252
266001220,362,746,985
4605744,363,61,208
45683456,364,424,296
153759900,365,595,708
27537840,366,99,760
2096304,367,272,21
14892224,368,151,268
114463800,369,564,550
135819600,370,456,805
61371933,371,201,823
5413716,372,27,539
6665883,373,37,483
27735840,374,180,412
51431625,375,933,147
149091520,376,920,431
289042884,377,916,837
81188730,378,333,645
135690338,379,478,749
32839220,380,971,89
11713464,381,427,72
205898000,382,875,616
12515291,383,797,41
14671872,384,597,64
144359600,385,872,430
32329044,386,517,162
42316128,387,272,402
241178860,388,655,949
148962104,389,634,604
360017190,390,941,981
211269030,391,930,581
4501728,392,319,36
26068476,393,644,103
12305408,394,122,256
68350010,395,359,482
31983336,396,641,126
29231904,397,472,156
207798188,398,934,559
2081583,399,111,47
36271200,400,357,254
10172568,401,56,453
35468460,402,865,102
124384741,403,841,367
8463800,404,838,25
21971250,405,175,310
271942454,406,929,721
31264926,407,413,186
13839360,408,80,424
175047092,409,548,781
2445240,410,213,28
102483672,411,439,568
186082272,412,918,492
53148970,413,170,757
4533300,414,50,219
23138740,415,526,106
34504704,416,256,324
300898026,417,841,858
201566288,418,763,632
4064300,419,10,970
115188360,420,482,569
23374762,421,71,782
138044640,422,435,752
264243870,423,631,990
12326528,424,184,158
100165275,425,261,903
811104,426,2,952
215855759,427,713,709
22871892,428,379,141
162953934,429,514,739
334998810,430,809,963
92923600,431,440,490
13029120,432,80,377
247673835,433,669,855
101606344,434,547,428
60632040,435,152,917
34458824,436,919,86
9992442,437,37,618
11351208,438,341,76
27817235,439,551,115
1733160,440,303,13
168285600,441,400,954
15312206,442,49,707
264657946,443,973,614
102286944,444,993,232
84339515,445,239,793
432704294,446,991,979
458622,447,54,19
90548416,448,563,359
42846723,449,207,461
287179200,450,814,784
1301586,451,74,39
292624800,452,780,830
6592962,453,383,38
54926736,454,568,213
81695250,455,798,225
165588192,456,786,462
159937204,457,862,406
156883320,458,990,346
11127996,459,418,58
39084360,460,357,238
265384792,461,634,908
439497828,462,958,993
80346705,463,503,345
22628352,464,762,64
190860180,465,428,959
180826640,466,545,712
40365612,467,343,252
18130320,468,52,745
15113056,469,38,848
307594320,470,737,888
336294,471,7,102
321819040,472,730,934
92290814,473,539,362
24898272,474,268,196
151956300,475,636,503
115679424,476,249,976
338821686,477,791,898
72510688,478,304,499
86204672,479,256,703
4979520,480,546,19
181554412,481,479,788
15268796,482,337,94
165962664,483,618,556
144466740,484,335,891
21744005,485,419,107
460466532,486,958,989
72417874,487,499,298
211928640,488,770,564
208463634,489,681,626
387293060,490,971,814
100222920,491,420,486
46895472,492,282,338
3623550,493,75,98
6570200,494,50,266
231759495,495,717,653
65224992,496,606,217
260841504,497,568,924
252652332,498,943,538
102517554,499,291,706
13167000,500,42,627
266890716,501,862,618
14358204,502,126,227
202420278,503,849,474
212943024,504,721,586
53791590,505,866,123
152107648,506,976,308
134458935,507,899,295
32692848,508,692,93
149213859,509,703,417
37310580,510,89,822
64711507,511,553,229
129037824,512,369,683
3145716,513,438,14
75719910,514,427,345
138951120,515,511,528
4668252,516,83,109
24376550,517,205,230
246254610,518,773,615
417060615,519,865,929
119760160,520,559,412
288746536,521,949,584
98321832,522,961,196
105937311,523,807,251
182352000,524,464,750
145299000,525,296,935
77506100,526,175,842
30629767,527,437,133
97260240,528,277,665
252427691,529,827,577
26509540,530,562,89
4931928,531,387,24
24394328,532,101,454
111386340,533,430,486
3468864,534,232,28
15886290,535,303,98
99486960,536,690,269
345269520,537,720,893
54482184,538,582,174
266382963,539,801,617
27154440,540,174,289
285888204,541,756,699
187627934,542,403,859
279528798,543,874,589
41498496,544,78,978
333420100,545,905,676
113341956,546,766,271
149181669,547,777,351
57540000,548,375,280
137794608,549,747,336
49051200,550,929,96
117877634,551,259,826
225040464,552,639,638
94378851,553,189,903
328207328,554,976,607
36736560,555,168,394
21141900,556,117,325
204307600,557,700,524
333119304,558,644,927
327951325,559,775,757
14137200,560,27,935
3295875,561,47,125
239958264,562,714,598
248916375,563,675,655
309242328,564,893,614
121081760,565,724,296
216224452,566,761,502
236223540,567,563,740
309168080,568,689,790
335288940,569,915,644
528579810,570,969,957
136252591,571,361,661
78905112,572,249,554
11154591,573,189,103
33190976,574,278,208
460189750,575,982,815
219479040,576,433,880
153375255,577,297,895
14562132,578,78,323
129845961,579,413,543
14316720,580,484,51
45550400,581,98,800
43675608,582,514,146
11207592,583,72,267
26725008,584,526,87
1237860,585,23,92
36053650,586,575,107
99238220,587,214,790
104052480,588,553,320
9308556,589,878,18
60899800,590,397,260
289216488,591,664,737
72142896,592,829,147
295389904,593,652,764
140287356,594,263,898
4393480,595,568,13
35689076,596,257,233
5141961,597,27,319
44287880,598,644,115
163194555,599,615,443
362807400,600,719,841
277154155,601,619,745
21411936,602,468,76
60592455,603,105,957
338660384,604,872,643
231404030,605,626,611
120897000,606,228,875
104825865,607,397,435
143231424,608,994,237
328293630,609,714,755
9484890,610,73,213
16160950,611,50,529
14939532,612,309,79
256060521,613,573,729
69014214,614,543,207
32526120,615,601,88
264670560,616,620,693
293311928,617,728,653
4721520,618,955,8
355158678,619,798,719
84069520,620,436,311
215027460,621,870,398
435691718,622,827,847
209141100,623,373,900
291739968,624,962,486
59940000,625,162,592
424803600,626,780,870
19300941,627,31,993
87118672,628,158,878
77765157,629,723,171
249066090,630,403,981
21611750,631,685,50
4335520,632,196,35
315654312,633,664,751
152952500,634,965,250
340695915,635,609,881
167844852,636,413,639
33693478,637,106,499
264339988,638,814,509
30161439,639,613,77
1702400,640,19,140
412720670,641,961,670
142719810,642,257,865
213144855,643,615,539
240810920,644,613,610
98291550,645,490,311
3908300,646,55,110
377618962,647,658,887
49850640,648,245,314
151708942,649,826,283
32142500,650,215,230
11078718,651,254,67
6672568,652,14,731
205612722,653,714,441
225751644,654,453,762
209643885,655,477,671
4502784,656,176,39
96665724,657,402,366
111455988,658,327,518
2532537,659,427,9
63901200,660,235,412
233783802,661,802,441
77619500,662,350,335
5996172,663,17,532
14832432,664,438,51
217237545,665,981,333
148368150,666,475,469
154403163,667,801,289
191181600,668,636,450
55192500,669,125,660
172860,670,86,3
416586324,671,778,798
52571904,672,127,616
9909925,673,775,19
204892630,674,815,373
45719100,675,82,826
203124480,676,313,960
438561954,677,986,657
30548646,678,653,69
120070286,679,743,238
416665920,680,726,844
65962341,681,249,389
199149456,682,552,529
4655328,683,142,48
201139092,684,737,399
132118005,685,717,269
56899584,686,216,384
48423195,687,185,381
11754480,688,85,201
151875581,689,691,319
102142080,690,257,576
278401827,691,421,957
335171584,692,512,946
260702442,693,689,546
13874448,694,102,196
147089800,695,572,370
5178240,696,620,12
45589376,697,224,292
198030976,698,704,403
411043455,699,591,995
258988800,700,492,752
314570245,701,451,995
364983840,702,776,670
289651466,703,689,598
323192320,704,998,460
62696355,705,113,787
263792664,706,388,963
111332704,707,304,518
119251980,708,171,985
175602284,709,286,866
391671500,710,935,590
228607830,711,395,814
292142144,712,431,952
87679749,713,687,179
39693402,714,783,71
19768320,715,864,32
68097328,716,403,236
2292249,717,23,139
88964508,718,214,579
14175804,719,212,93
190548000,720,790,335
81907042,721,158,719
358545200,722,764,650
212507052,723,788,373
19971540,724,613,45
165996000,725,954,240
106091832,726,476,307
325059875,727,511,875
57270304,728,142,554
2917458,729,87,46
216123800,730,565,524
39020780,731,170,314
11015136,732,33,456
150423328,733,242,848
127826834,734,349,499
121929150,735,626,265
25648128,736,242,144
371249010,737,579,870
56702016,738,98,784
3527986,739,434,11
176996160,740,302,792
92805804,741,426,294
178881360,742,392,615
153801743,743,317,653
492324144,744,806,821
123678940,745,343,484
407916530,746,595,919
538261308,747,894,806
6489648,748,18,482
357646751,749,523,913
230568000,750,739,416
81383617,751,113,959
60298368,752,514,156
306568890,753,615,662
268255104,754,408,872
238461465,755,563,561
25583040,756,48,705
15526070,757,293,70
12309920,758,406,40
97105701,759,373,343
560235520,760,832,886
82615682,761,206,527
117604032,762,728,212
68862276,763,109,828
27724032,764,756,48
215087400,765,990,284
655301510,766,989,865
115337625,767,375,401
103141632,768,421,319
435919185,769,663,855
4735500,770,615,10
15453153,771,51,393
231698816,772,452,664
91673162,773,197,602
107601480,774,420,331
38101325,775,211,233
69909840,776,693,130
60906699,777,87,901
530602224,778,724,942
55227984,779,84,844
28334280,780,886,41
97256368,781,362,344
276390080,782,752,470
247011444,783,414,762
177931152,784,453,501
149564480,785,916,208
135351558,786,183,941
333448752,787,546,776
66392940,788,205,411
334422384,789,944,449
416574900,790,630,837
441797230,791,707,790
520557840,792,981,670
277067856,793,753,464
81396910,794,145,707
130266315,795,283,579
19040320,796,26,920
89652139,797,571,197
124545456,798,168,929
66019772,799,227,364
198414400,800,461,538
415368162,801,582,891
122584096,802,164,932
227168700,803,575,492
21521472,804,56,478
394860550,805,905,542
15405078,806,23,831
38070225,807,185,255
4329264,808,141,38
378138735,809,611,765
8981280,810,528,21
117124620,811,249,580
365828736,812,722,624
536539350,813,985,670
373332960,814,520,882
552082630,815,902,751
34099824,816,131,319
81981048,817,226,444
8402496,818,856,12
422092125,819,589,875
113885700,820,197,705
219223420,821,395,676
249633180,822,318,955
665879424,823,903,896
21091928,824,143,179
153007800,825,194,956
714119952,826,978,884
190284430,827,346,665
409720896,828,676,732
74087730,829,331,270
569033890,830,827,829
147769251,831,191,931
54660736,832,614,107
433773921,833,543,959
99235992,834,197,604
28405030,835,73,466
272087904,836,852,382
343151586,837,718,571
515396816,838,638,964
12051396,839,133,108
97843200,840,455,256
257261900,841,380,805
598312570,842,835,851
76613526,843,198,459
418200312,844,807,614
154943425,845,403,455
640919448,846,857,884
246986894,847,691,422
522334080,848,708,870
374529558,849,722,611
63427000,850,364,205
163519650,851,315,610
112604580,852,165,801
640722420,853,963,780
369983544,854,457,948
488678670,855,678,843
393718912,856,646,712
669694080,857,814,960
101012340,858,122,965
59514097,859,79,877
40506000,860,157,300
187222728,861,353,616
225583676,862,731,358
350764624,863,532,764
5709312,864,472,14
137340375,865,365,435
527988076,866,814,749
104040,867,12,10
55113660,868,415,153
7857498,869,274,33
157233360,870,779,232
9749974,871,386,29
74579544,872,559,153
785721825,873,925,973
76405080,874,310,282
63756000,875,176,414
65845416,876,182,413
575631228,877,996,659
274434704,878,712,439
489155589,879,741,751
661202080,880,902,833
219807738,881,334,747
18379998,882,91,229
18619821,883,781,27
475772336,884,683,788
194920365,885,857,257
13214690,886,157,95
262199861,887,847,349
722280552,888,887,917
340883494,889,854,449
396606250,890,713,625
171259110,891,258,745
211951688,892,962,247
258277032,893,618,468
442594368,894,573,864
6096740,895,131,52
93402624,896,238,438
23043930,897,734,35
107320878,898,271,441
140006664,899,189,824
7389900,900,23,357
19850832,901,204,108
636775920,902,740,954
35905086,903,141,282
82737696,904,789,116
263570390,905,446,653
46385388,906,483,106
13351040,907,230,64
756357644,908,889,937
657775125,909,827,875
4062240,910,62,72
375669070,911,430,959
741050160,912,997,815
458294958,913,711,706
127960000,914,625,224
248193750,915,775,350
288356800,916,787,400
118785429,917,389,333
69555024,918,287,264
37313238,919,201,202
298485720,920,531,611
212106300,921,658,350
6845850,922,27,275
241489105,923,737,355
169304520,924,502,365
248678850,925,777,346
119485484,926,149,866
224829945,927,437,555
318311424,928,397,864
889229510,929,995,962
56997840,930,652,94
106990520,931,170,676
303366000,932,420,775
37907790,933,85,478
39810816,934,444,96
315416640,935,502,672
148730400,936,908,175
168809920,937,563,320
668911250,938,875,815
24057180,939,140,183
41153200,940,220,199
191100162,941,374,543
519984,942,8,69
61270482,943,637,102
32037472,944,239,142
199206000,945,680,310
232260028,946,494,497
405098190,947,490,873
36001248,948,94,404
9645636,949,12,847
233405500,950,395,622
239305836,951,532,473
48399680,952,82,620
43367218,953,373,122
159613740,954,338,495
151882245,955,369,431
138223260,956,459,315
305451432,957,372,858
228571136,958,512,466
421561056,959,723,608
45408000,960,473,100
2340996,961,12,203
578285136,962,828,726
611461665,963,841,755
131901228,964,207,661
742677510,965,817,942
254325582,966,441,597
267379368,967,562,492
253294624,968,313,836
440657595,969,497,915
253721930,970,473,553
396664181,971,607,673
101039400,972,165,630
9003169,973,19,487
34505898,974,241,147
382314075,975,473,829
60635952,976,767,81
67108176,977,324,212
819564,978,419,2
99705276,979,943,108
413160160,980,604,698
682148160,981,820,848
16085160,982,26,630
61893612,983,318,198
13224960,984,640,21
158155540,985,293,548
92869368,986,501,188
114593661,987,169,687
695680440,988,735,958
185194206,989,309,606
121722480,990,218,564
32986426,991,979,34
746871840,992,845,891
879718560,993,904,980
91323750,994,735,125
484636640,995,992,491
170069988,996,817,209
911728584,997,977,936
257819328,998,936,276
472146381,999,749,631
632431000,1000,713,887
736512,1,959,768
910600,2,580,785
1884045,3,635,989
1220,4,1,305
739785,5,331,447
2981232,6,927,536
2316692,7,628,527
2203320,8,427,645
5229180,9,695,836
471960,10,437,108
6182660,11,895,628
7015608,12,834,701
1201655,13,695,133
8908788,14,654,973
189000,15,504,25
6697168,16,641,653
7907040,17,765,608
6048,18,2,168
231610,19,106,115
698320,20,172,203
3651144,21,211,824
605880,22,918,30
8282208,23,496,726
9741984,24,763,532
17575450,25,782,899
3735108,26,207,694
3861432,27,472,303
7873012,28,317,887
1639138,29,118,479
5844150,30,555,351
23220798,31,953,786
46400,32,145,10
31103061,33,989,953
15905846,34,599,781
2953020,35,356,237
6623712,36,218,844
8109216,37,761,288
19169784,38,972,519
14434524,39,828,447
14695720,40,767,479
1056078,41,54,477
1148112,42,536,51
5511740,43,442,290
10615220,44,305,791
10171980,45,468,483
2044884,46,62,717
32850932,47,788,887
24577920,48,753,680
20450738,49,671,622
2318550,50,533,87
17194752,51,878,384
11980488,52,893,258
18881250,53,950,375
8489340,54,395,398
29531370,55,821,654
3636864,56,82,792
18497640,57,488,665
33577360,58,820,706
4931928,59,172,486
15876000,60,294,900
6502600,61,328,325
9117720,62,190,774
54489456,63,888,974
29085888,64,559,813
6205680,65,612,156
4492752,66,127,536
28259729,67,577,731
43823076,68,649,993
792396,69,396,29
22764280,70,389,836
27292755,71,523,735
30410640,72,855,494
7987952,73,977,112
33865212,74,857,534
11719800,75,766,204
14599296,76,414,464
34555752,77,542,828
7795788,78,154,649
45348370,79,685,838
7793280,80,396,246
33011550,81,650,627
12125914,82,181,817
12158836,83,691,212
34507704,84,526,781
22599800,85,782,340
29224864,86,634,536
9671094,87,382,291
32134960,88,689,530
16036910,89,974,185
16639920,90,191,968
59547488,91,968,676
49668960,92,660,818
2935173,93,37,853
20265836,94,373,578
35039040,95,408,904
11282880,96,511,230
47543968,97,578,848
16464,98,168,1
65498994,99,986,671
54653400,100,698,783
19361700,101,710,270
10748250,102,843,125
4377294,103,787,54
31640856,104,377,807
70523250,105,950,707
64763032,106,667,916
23498805,107,363,605
51871536,108,668,719
15455655,109,207,685
5101140,110,786,59
898434,111,38,213
66700368,112,621,959
24011709,113,367,579
71097696,114,732,852
9231740,115,329,244
12017600,116,259,400
93377934,117,878,909
7521792,118,83,768
34316744,119,319,904
57405600,120,510,938
21716838,121,234,767
7788480,122,456,140
57891057,123,497,947
44258824,124,997,358
38089500,125,379,804
28036008,126,286,778
32916114,127,726,357
160256,128,4,313
72645060,129,740,761
10370360,130,259,308
49549440,131,960,394
5249112,132,118,337
16036342,133,334,361
45935870,134,629,545
6260625,135,53,875
38664528,136,294,967
8764712,137,88,727
5623362,138,141,289
30720112,139,304,727
19998720,140,144,992
4257072,141,296,102
8777730,142,65,951
1444014,143,17,594
57380400,144,693,575
5341655,145,197,187
4851434,146,47,707
75488175,147,615,835
29039820,148,381,515
110655744,149,768,967
44949450,150,623,481
62558545,151,445,931
11223072,152,84,879
57878064,153,426,888
37406600,154,347,700
87314755,155,913,617
982800,156,9,700
58241976,157,492,754
3345650,158,55,385
23645685,159,607,245
96605280,160,657,919
1499232,161,24,388
4004964,162,526,47
46297053,163,627,453
42633440,164,670,388
54112905,165,679,483
72920480,166,680,646
32883636,167,366,538
16628640,168,140,707
77390170,169,905,506
127990620,170,906,831
18056232,171,536,197
90564192,172,639,824
7484499,173,759,57
49877100,174,546,525
22801800,175,267,488
660000,176,30,125
28507089,177,169,953
1889292,178,58,183
28691910,179,411,390
61916400,180,420,819
54966080,181,584,520
1865682,182,603,17
10950720,183,80,748
128965600,184,815,860
433825,185,7,335
59691120,186,355,904
127904634,187,711,962
63357504,188,816,413
9852192,189,288,181
42897060,190,999,226
47045019,191,951,259
49116672,192,561,456
92731096,193,872,551
37342866,194,307,627
64146420,195,347,948
125466656,196,994,644
52721928,197,531,504
3465000,198,700,25
6892962,199,251,138
43126200,200,873,247
1456848,201,16,453
15388158,202,201,379
113125810,203,665,838
2310912,204,708,16
6191000,205,40,755
14761136,206,106,676
54242694,207,554,473
113820720,208,955,573
65671144,209,434,724
8708700,210,58,715
22500829,211,631,169
14939640,212,87,810
53204844,213,811,308
154901760,214,960,754
4725485,215,709,31
30098736,216,386,361
7443100,217,98,350
38226300,218,835,210
33379104,219,866,176
12127500,220,75,735
36371296,221,556,296
13865676,222,374,167
14272,223,4,16
56956928,224,548,464
193036500,225,905,948
7166234,226,857,37
97528280,227,460,934
176554992,228,874,886
76496992,229,352,949
2296320,230,78,128
21441420,231,273,340
156441080,232,785,859
28292957,233,581,209
49997376,234,607,352
115066575,235,585,837
80227020,236,393,865
32581575,237,975,141
39560836,238,383,434
118849920,239,592,840
6639360,240,208,133
10954896,241,48,947
71864320,242,580,512
71733600,243,400,738
174111080,244,715,998
178164490,245,818,889
99032220,246,639,630
11120928,247,134,336
38511424,248,472,329
6477237,249,29,897
176946000,250,766,924
179839743,251,723,991
20597976,252,717,114
73160010,253,459,630
87889080,254,876,395
6364800,255,130,192
33363456,256,214,609
117342345,257,499,915
65841600,258,638,400
4798752,259,193,96
150824960,260,704,824
102298950,261,975,402
10359480,262,60,659
107185650,263,825,494
5058768,264,143,134
139326400,265,620,848
103969292,266,667,586
201462714,267,801,942
6377864,268,326,73
4577842,269,134,127
59429700,270,667,330
1792665,271,441,15
51573920,272,566,335
74088924,273,884,307
20018166,274,497,147
170516500,275,721,860
172224,276,6,104
243616791,277,957,919
21504134,278,751,103
35260020,279,355,356
1016400,280,33,110
15300450,281,121,450
1172556,282,77,54
110066058,283,697,558
123669504,284,864,504
47598705,285,231,723
246264018,286,939,917
16641408,287,604,96
54607104,288,548,346
212357200,289,880,835
50649660,290,558,313
127198428,291,932,469
105280308,292,679,531
53626032,293,656,279
11279898,294,87,441
89916000,295,381,800
9990000,296,45,750
592812,297,4,499
228428324,298,974,787
22694100,299,759,100
2249100,300,17,441
36664810,301,937,130
75248736,302,696,358
68580414,303,714,317
48846720,304,412,390
115328125,305,605,625
184407840,306,837,720
72692995,307,667,355
93197104,308,529,572
27955230,309,830,109
179900750,310,695,835
160104666,311,718,717
205820160,312,868,760
37047932,313,508,233
102809880,314,340,963
204425550,315,889,730
21245312,316,764,88
131828888,317,458,908
118495386,318,373,999
24541946,319,143,538
188590080,320,877,672
126066330,321,570,689
172999008,322,936,574
35579096,323,562,196
1762236,324,37,147
26820300,325,299,276
20956910,326,65,989
5245080,327,802,20
80988120,328,279,885
4784976,329,72,202
2686860,330,23,354
20922510,331,245,258
233781120,332,815,864
152146368,333,704,649
4923160,334,670,22
50844960,335,816,186
43384992,336,322,401
18363804,337,478,114
198662880,338,620,948
188892834,339,739,754
250219260,340,873,843
178137718,341,971,538
136624212,342,417,958
151601198,343,446,991
28472880,344,178,465
54746325,345,745,213
38249262,346,173,639
276914328,347,984,811
227955312,348,676,969
96520138,349,286,967
1771000,350,92,55
46914660,351,815,164
22301664,352,431,147
66678876,353,212,891
209252232,354,681,868
226274870,355,757,842
188986160,356,836,635
38608479,357,141,767
150376110,358,615,683
101867686,359,842,337
9883440,360,37,742
2859120,361,9,880
146500314,362,487,831
39925644,363,887,124
124172776,364,607,562
68755050,365,234,805
302059800,366,900,917
17237990,367,70,671
174196480,368,970,488
184838373,369,667,751
10925730,370,153,193
57754312,371,638,244
128005200,372,925,372
78797742,373,274,771
28385852,374,277,274
65382000,375,272,641
97079064,376,967,267
71743100,377,275,692
95195520,378,320,787
61322200,379,809,200
6520800,380,88,195
71144892,381,351,532
3635112,382,13,732
48428052,383,771,164
116204544,384,648,467
57475110,385,358,417
49656198,386,411,313
12558150,387,50,649
74365632,388,968,198
27111744,389,704,99
2193360,390,8,703
306240584,391,886,884
39024384,392,976,102
17023188,393,91,476
15673320,394,78,510
206197900,395,860,607
255389904,396,868,743
48656320,397,160,766
123010656,398,376,822
5224905,399,485,27
69680000,400,871,200
188043336,401,501,936
1226904,402,218,14
230859356,403,574,998
167549708,404,641,647
348615900,405,892,965
279277656,406,798,862
148620120,407,408,895
268540704,408,778,846
35978094,409,362,243
7808040,410,414,46
95229933,411,263,881
14611992,412,514,69
32682342,413,242,327
106812000,414,516,500
146022730,415,613,574
180880128,416,732,594
249215880,417,670,892
3287988,418,874,9
38070340,419,110,826
223251840,420,672,791
176302170,421,891,470
203010696,422,498,966
288568485,423,817,835
64504392,424,969,157
202353550,425,958,497
139153752,426,668,489
60528104,427,376,377
70955552,428,424,391
13398957,429,359,87
362753160,430,847,996
83938112,431,358,544
65463552,432,616,246
129669644,433,338,886
60324264,434,572,243
5371380,435,42,294
151100160,436,480,722
28728380,437,380,173
8788908,438,127,158
30562302,439,566,123
64862160,440,933,158
249716250,441,755,750
103707344,442,422,556
42753487,443,811,119
75645612,444,399,427
53869475,445,155,781
34341108,446,246,313
97222500,447,300,725
291129216,448,782,831
185122700,449,434,950
76403250,450,315,539
209224763,451,941,493
191908352,452,496,856
183861828,453,447,908
8720432,454,343,56
38238200,455,440,191
60941664,456,903,148
78135575,457,977,175
208808154,458,537,849
55173636,459,159,756
158970020,460,979,353
229045084,461,892,557
123947208,462,849,316
27988350,463,93,650
156987440,464,785,431
8881500,465,100,191
55920,466,2,60
74163336,467,312,509
310542336,468,768,864
20598480,469,732,60
150188500,470,830,385
78191652,471,686,242
4319744,472,352,26
3774067,473,79,101
166004280,474,390,898
19980875,475,235,179
329451024,476,842,822
14341959,477,281,107
432280256,478,958,944
57948462,479,858,141
39789120,480,382,217
25300600,481,263,200
61511394,482,177,721
49781844,483,252,409
29969280,484,688,90
67991180,485,404,347
3640140,486,10,749
15588870,487,110,291
77775000,488,255,625
16090056,489,72,457
279270600,490,805,708
30558858,491,66,943
363718872,492,974,759
204486540,493,930,446
180310000,494,730,500
34910370,495,394,179
48635776,496,103,952
60607162,497,253,482
115190886,498,313,739
78617450,499,685,230
32752000,500,712,92
182083440,501,440,826
19050900,502,138,275
105172270,503,290,721
34718040,504,599,115
101505,505,201,1
